strategy,case_id,split,category,unanswerable,evidence_recall,mrr,context_precision,context_tokens,answer_rubric_coverage,full_rubric_match,reference_supported_answer,abstained,claim_count,citation_validity,cited_gold_coverage,supported_claim_rate,quote_provenance_rate,review_score,min_citation_similarity,retrieval_seconds,answer_seconds,review_seconds,similarity_seconds,answer_load_seconds,review_load_seconds,error
baseline,q01,calibration,definition,False,0,0,0,2145,1,True,False,False,1,1,0,1.0,0.0,1.0,0.5876497196959831,0.05199659999925643,0.991821899995557,2.7987302000110503,0.04748589999508113,0.089731,0.1867515,
baseline,q02,held_out,method,False,0,0,0,2149,1,True,False,False,5,1,0,0.4,0.2,0.5,0.6109666965170917,0.07590509999135975,2.6677880000061123,4.893737499995041,1.3155572999967262,0.05665,0.0859463,
baseline,q03,held_out,figure_numeric,False,0,0,0,2145,0.5,False,False,False,2,1,0,0.0,0.0,0.0,0.5246148414522295,0.06681039999239147,1.4811711000074865,3.0188907999981893,1.0941342000005534,0.0694001,0.0961496,
baseline,q04,calibration,table_numeric,False,0,0,0,2236,0,False,False,False,1,1,0,0.0,0.0,0.0,0.7464646443998681,0.07034920000296552,1.104454500004067,3.251693099999102,0.15668710001045838,0.0797527,0.0973281,
baseline,q05,held_out,numeric,False,1,0.5,0.3333333333333333,2194,1,True,True,False,1,1,1,0.0,0.0,0.5,0.5773715604599571,0.05812660000810865,1.0446624000032898,3.772840099991299,0.5741152999980841,0.0676846,0.14582,
baseline,q06,held_out,figure_conditions,False,1,0.5,0.3333333333333333,2251,0.75,False,False,False,3,1,1,1.0,1.0,1.0,0.5077682482448623,0.06854189999285154,1.7977489000040805,3.7020768000074895,1.0222722000034992,0.0852405,0.0924993,
baseline,q07,calibration,definition,False,0,0,0,2158,0,False,False,False,1,1,0,0.0,0.0,0.5,0.8101651262067999,0.06851670000469312,1.2267665999970632,3.2986708999960683,0.13919570000143722,0.0720434,0.1215261,
baseline,q08,held_out,method,False,1,1.0,0.3333333333333333,2187,1,True,True,False,2,1,1,0.0,0.5,0.0,0.5197213354001213,0.058707300006062724,1.5079538999998476,4.854271400006837,0.45785230000910815,0.0802416,0.1168721,
baseline,q09,held_out,method,False,1,1.0,0.6666666666666666,2193,1,True,True,False,5,1,1,1.0,0.8,1.0,0.778498777398851,0.06325659999856725,2.8867362000019057,6.4020458000013605,1.2804385000054026,0.07474,0.0990136,
baseline,q10,held_out,numeric,False,1,1.0,0.3333333333333333,2158,1,True,True,False,3,1,1,1.0,0.6666666666666666,1.0,0.5898079680865711,0.076395500000217,1.7555445000034524,3.383983099993202,1.611299099997268,0.0556983,0.0928598,
baseline,q11,calibration,definition,False,1,1.0,0.3333333333333333,2166,1,True,True,False,5,1,1,1.0,0.8,1.0,0.6609183082009853,0.06973160000052303,2.4125643000006676,4.201851200006786,1.1462715999950888,0.0780642,0.2464346,
baseline,q12,held_out,method,False,1,0.5,0.3333333333333333,2157,1,True,True,False,5,1,1,1.0,1.0,1.0,0.6818117784625181,0.06302689999574795,2.6621777999971528,3.7209167999972124,0.5600531999953091,0.0446072,0.1048858,
baseline,q13,held_out,method,False,1,1.0,0.3333333333333333,2148,1,True,True,False,5,1,1,1.0,0.8,1.0,0.582081683876,0.048225999998976476,2.750952700007474,5.105847099999664,1.721359700008179,0.0786398,0.1983951,
baseline,q14,calibration,definition,False,1,1.0,0.3333333333333333,2154,0.3333333333333333,False,False,False,1,1,1,1.0,1.0,1.0,0.8920238470702317,0.05554909999773372,1.1131663999985904,3.83134340000106,0.18709740000485908,0.0885376,0.1469888,
baseline,q15,held_out,method,False,0,0,0,2176,1,True,False,False,1,1,0,1.0,0.0,1.0,0.837470375013531,0.057224100004532374,1.223765500006266,2.5693944999948144,0.39024319998861756,0.086735,0.1120884,
baseline,q16,held_out,method,False,1,1.0,0.6666666666666666,2143,1,True,True,False,1,1,1,1.0,1.0,1.0,0.8657159728346073,0.06653330000699498,1.1911078999983147,2.2219121999951312,0.7554175000113901,0.090662,0.0935391,
baseline,q17,held_out,abstract_definition,False,1,1.0,0.3333333333333333,2113,1,True,True,False,1,1,1,1.0,1.0,1.0,0.6527869101253319,0.058560199991916306,1.0882559000019683,2.3828578000102425,0.8463423999928636,0.0679718,0.2810297,
baseline,q18,calibration,abstract_numeric,False,1,1.0,0.3333333333333333,2092,1,True,True,False,5,1,1,1.0,0.6,1.0,0.6926810963905548,0.07025330000033136,2.62043709999125,6.206765299997642,0.8559146999905352,0.07965,0.1039568,
baseline,q19,held_out,full_pdf_noise,False,1,1.0,0.3333333333333333,2171,1,True,True,False,5,1,1,0.4,0.6,0.5,0.6637947456319802,0.06932969999616034,2.466115700008231,5.817080900000292,1.62357310000516,0.0811976,0.0834953,
baseline,q20,held_out,cross_paper,False,0,0,0,2152,0.6666666666666666,False,False,False,5,1,0,0.4,0.2,0.5,0.6429036964095529,0.07753480000246782,2.506349000002956,9.361378799992963,0.9426189999940107,0.0810147,0.1075554,
baseline,q21,calibration,unanswerable,True,,,,2128,,False,False,False,1,1,,0.0,0.0,0.0,0.6072730078333277,0.07655259998864494,1.0826901999971597,2.7942374999984168,0.03848209998977836,0.0980246,0.101526,
baseline,q22,held_out,unanswerable,True,,,,2158,,False,False,False,5,1,,,,,,0.06151119999412913,2.9821058999950765,11.103579700007685,1.5106368999986444,0.068072,0.1128633,review: ValueError: Model output hit the output-token limit.
baseline,q23,held_out,unanswerable,True,,,,2202,,False,False,False,1,1,,0.0,0.0,0.0,0.4813795717792318,0.0635723000013968,0.9945268000010401,2.7001514000003226,0.2669907000090461,0.0832056,0.1083924,
baseline,q24,calibration,unanswerable,True,,,,2118,,False,False,False,5,1,,0.2,0.2,0.25,0.6154183959197654,0.0627297000028193,2.386707599987858,5.542877900006715,1.395833999995375,0.0790924,0.1645976,
hierarchical_recursive,q01,calibration,definition,False,1,0.3333333333333333,0.2,2309,1,True,True,False,2,1,1,1.0,0.5,1.0,0.5858224516873016,0.041581900004530326,1.5619455999985803,3.124680699998862,0.4577377000096021,0.1310534,0.1549725,
hierarchical_recursive,q02,held_out,method,False,1,1.0,0.2,2229,1,True,True,False,4,1,1,1.0,0.75,1.0,0.5876869468636743,0.05505270000139717,2.7214880999963498,4.967245000007097,0.7741583999886643,0.0692391,0.2717002,
hierarchical_recursive,q03,held_out,figure_numeric,False,0,0,0,2197,0.5,False,False,False,1,1,0,0.0,0.0,0.0,0.5775809126525764,0.05095239999354817,1.0361532999959309,3.040628000002471,0.45471940000425093,0.0689798,0.0758183,
hierarchical_recursive,q04,calibration,table_numeric,False,0,0,0,2326,0,False,False,False,1,1,0,0.0,0.0,0.0,0.7637888599312488,0.05618730001151562,1.1536149999883492,7.1599220999924,0.15275239999755286,0.0867383,0.1381778,
hierarchical_recursive,q05,held_out,numeric,False,1,0.25,0.2,2305,1,True,False,False,1,1,0,1.0,1.0,1.0,0.6122172905236445,0.04728070000419393,1.0421789999963949,2.649865300001693,0.5247518000105629,0.0851781,0.1061312,
hierarchical_recursive,q06,held_out,figure_conditions,False,1,1.0,0.25,2209,0.75,False,False,False,3,1,1,1.0,1.0,1.0,0.670292684044237,0.05699770001228899,1.9875387999927625,3.585126099991612,0.3109833000053186,0.0737134,0.0804166,
hierarchical_recursive,q07,calibration,definition,False,0,0,0,2330,0,False,False,False,1,1,0,0.0,1.0,0.333,0.8162415365080721,0.043039299998781644,1.1437988999969093,3.8505614000023343,0.27215079999587033,0.084989,0.0876884,
hierarchical_recursive,q08,held_out,method,False,1,0.25,0.125,2324,1,True,True,False,5,1,1,0.8,0.8,0.5,0.6510066954761966,0.047094399997149594,2.6971883999940474,5.81091679999372,0.5565170000045327,0.0814675,0.1414343,
hierarchical_recursive,q09,held_out,method,False,1,1.0,0.16666666666666666,2379,1,True,True,False,4,1,1,0.75,0.75,0.5,0.5383308400485395,0.051650199995492585,2.3282978999923216,5.731719499992323,0.6862412000045879,0.0922042,0.0821088,
hierarchical_recursive,q10,held_out,numeric,False,1,0.16666666666666666,0.125,2209,1,True,True,False,5,1,1,0.4,0.4,0.5,0.6250070255584887,0.05640710001171101,2.4983687000058126,5.135768199994345,0.8712689999956638,0.0526366,0.0851111,
hierarchical_recursive,q11,calibration,definition,False,1,1.0,0.2,2213,1,True,True,False,5,1,1,1.0,1.0,1.0,0.6619734321851863,0.05080909999378491,2.514781600009883,4.552484700005152,0.18824299999687355,0.0683516,0.0986273,
hierarchical_recursive,q12,held_out,method,False,0,0,0,2314,0,False,False,False,5,1,0,0.6,1.0,0.5,0.541998984363486,0.05388649999804329,2.6038332999887643,7.517605000000913,0.7812962999887532,0.0841937,0.1448425,
hierarchical_recursive,q13,held_out,method,False,1,1.0,0.2,2343,1,True,True,False,5,1,1,0.8,0.0,1.0,0.48817344610603985,0.03824890000396408,2.3035027000005357,4.932422099998803,1.0375104999984615,0.0699766,0.1488257,
hierarchical_recursive,q14,calibration,definition,False,1,1.0,0.2,2279,1,True,True,False,1,1,1,1.0,1.0,1.0,0.9507032322733383,0.045020899997325614,1.2001044000062393,2.3713124000059906,0.18041630000516307,0.0974758,0.1760276,
hierarchical_recursive,q15,held_out,method,False,0,0,0,2278,1,True,False,False,5,1,0,1.0,0.8,1.0,0.7543563443461915,0.046293399995192885,2.6367955000023358,3.912936199994874,1.1207148999965284,0.0736435,0.0976144,
hierarchical_recursive,q16,held_out,method,False,1,1.0,0.2,2276,1,True,True,False,5,1,1,1.0,1.0,1.0,0.8208008620234104,0.05420189999858849,2.7259746999916388,4.266779600002337,1.4326830000063637,0.0796426,0.1140376,
hierarchical_recursive,q17,held_out,abstract_definition,False,1,1.0,0.25,2375,1,True,False,False,3,1,0,0.6666666666666666,0.0,1.0,0.7194656392999632,0.048458799996296875,1.8392465999932028,4.006727200001478,0.6420918999938294,0.0850822,0.1335087,
hierarchical_recursive,q18,calibration,abstract_numeric,False,0,0,0,2067,0.5,False,False,False,5,1,0,0.8,0.2,0.5,0.6637363048699216,0.05385969999770168,2.266727999987779,7.9083969999919645,0.9889896999957273,0.0863236,0.0727287,
hierarchical_recursive,q19,held_out,full_pdf_noise,False,1,0.25,0.2,2220,1,True,True,False,5,1,1,1.0,0.8,1.0,0.5642695360888871,0.0554615000000922,2.997118200000841,4.8950563999969745,2.743368700001156,0.1035599,0.1100705,
hierarchical_recursive,q20,held_out,cross_paper,False,0.5,0.25,0.2,2356,1,True,False,False,5,1,0.5,1.0,0.6,0.833,0.6846947948839052,0.05971729999873787,2.7796740000048885,5.274051300002611,0.7568690000043716,0.0754237,0.0699344,
hierarchical_recursive,q21,calibration,unanswerable,True,,,,2347,,False,False,False,1,1,,0.0,0.0,0.0,0.7040134269384816,0.04930590000003576,1.045341200006078,2.763102099997923,0.2854438000067603,0.0834326,0.0894028,
hierarchical_recursive,q22,held_out,unanswerable,True,,,,2335,,False,False,False,2,1,,1.0,0.0,0.0,0.4527719889738047,0.04623260001244489,1.7111297999945236,2.8974850000086008,0.9927850000094622,0.0848264,0.1096204,
hierarchical_recursive,q23,held_out,unanswerable,True,,,,2351,,False,False,False,1,1,,0.0,0.0,0.0,0.44250707489929275,0.05459390000032727,1.0157111999869812,2.8000559999927646,0.14862630001152866,0.0721273,0.1949205,
hierarchical_recursive,q24,calibration,unanswerable,True,,,,2389,,False,False,False,4,1,,0.0,0.0,0.0,0.5510102835778463,0.057856100000208244,2.2344168000126956,4.18664680000802,2.2034514999977546,0.0904744,0.0886974,
hierarchical_semantic_structured,q01,calibration,definition,False,1,0.3333333333333333,0.16666666666666666,2314,1,True,True,False,1,1,1,1.0,1.0,1.0,0.5570746203731762,0.042627400005585514,1.009771400000318,2.6761464000010164,0.06317130000388715,0.07811,0.1451221,
hierarchical_semantic_structured,q02,held_out,method,False,1,1.0,0.14285714285714285,2357,1,True,True,False,1,1,1,1.0,1.0,1.0,0.5399407248619601,0.05196180001075845,1.12704200000735,2.484347699995851,0.4905004000029294,0.077801,0.0821465,
hierarchical_semantic_structured,q03,held_out,figure_numeric,False,0,0,0,2393,0,False,False,False,1,1,0,1.0,1.0,0.0,0.5899407638674152,0.053000100000645034,1.1234075999964261,3.4359685000090394,0.2817971999902511,0.0728219,0.258706,
hierarchical_semantic_structured,q04,calibration,table_numeric,False,1,1.0,0.16666666666666666,2294,1,True,True,False,1,1,1,0.0,1.0,0.0,0.7071864681215299,0.05944149999413639,1.1129535000072792,4.549620099991444,0.29378649999853224,0.0851378,0.085709,
hierarchical_semantic_structured,q05,held_out,numeric,False,1,0.3333333333333333,0.14285714285714285,2229,0,False,False,False,4,1,1,0.5,1.0,0.5,0.4545636071720055,0.049280400009592995,2.345396899996558,5.227999299997464,0.8459104000066873,0.046772,0.0867138,
hierarchical_semantic_structured,q06,held_out,figure_conditions,False,1,1.0,0.125,2387,0.5,False,False,False,3,1,1,1.0,1.0,1.0,0.6862552829783912,0.0565616000094451,1.6898845999967307,4.056427400006214,0.017757599998731166,0.0597932,0.1033506,
hierarchical_semantic_structured,q07,calibration,definition,False,0,0,0,2124,1,True,False,False,5,1,0,0.8,0.8,0.5,0.6606136696942012,0.045588100008899346,3.141859299998032,5.294223799995962,0.7005429000128061,0.0832958,0.1062328,
hierarchical_semantic_structured,q08,held_out,method,False,1,0.5,0.125,2011,1,True,True,False,3,1,1,0.6666666666666666,0.6666666666666666,0.25,0.5574404314414251,0.04724580000038259,1.849698799996986,4.524819900005241,0.4362198000017088,0.0997854,0.082262,
hierarchical_semantic_structured,q09,held_out,method,False,1,1.0,0.14285714285714285,2271,1,True,True,False,5,1,1,1.0,1.0,1.0,0.5526933215705613,0.0543137999920873,2.5993570999999065,4.245390500000212,0.8145965999865439,0.0559359,0.0978872,
hierarchical_semantic_structured,q10,held_out,numeric,False,1,0.2,0.125,2179,1,True,True,False,4,1,1,1.0,1.0,1.0,0.5968314477337109,0.06708249999792315,2.10216880000371,3.8837486999982502,0.3241657999897143,0.0716305,0.2076785,
hierarchical_semantic_structured,q11,calibration,definition,False,1,1.0,0.16666666666666666,2241,1,True,True,False,5,1,1,0.6,1.0,0.5,0.5993413528747512,0.05384549999143928,2.3031305000040447,4.840189800001099,0.4996623000042746,0.0741622,0.1319334,
hierarchical_semantic_structured,q12,held_out,method,False,1,0.25,0.2,2350,1,True,True,False,5,1,1,1.0,0.8,1.0,0.578779465657275,0.05689239999628626,2.8400385999993887,4.116898199994466,1.203408400004264,0.0627262,0.0900855,
hierarchical_semantic_structured,q13,held_out,method,False,1,1.0,0.125,2328,1,True,True,False,1,1,1,1.0,1.0,1.0,0.7207007284199787,0.040193699998781085,1.1043348999955924,2.406235200003721,0.10645200000726618,0.2603044,0.0885446,
hierarchical_semantic_structured,q14,calibration,definition,False,1,1.0,0.16666666666666666,2370,0.6666666666666666,False,False,False,3,1,1,1.0,1.0,1.0,0.6796475677016334,0.04797629998938646,2.060075700006564,3.6779506000020774,0.6872225999977672,0.0783911,0.1207967,
hierarchical_semantic_structured,q15,held_out,method,False,0,0,0,2291,0.3333333333333333,False,False,False,1,1,0,0.0,1.0,0.5,0.897027945283475,0.049472999991849065,1.1546510000043781,4.755524299995159,0.22185839999292511,0.0748502,0.1621487,
hierarchical_semantic_structured,q16,held_out,method,False,1,1.0,0.2,2260,1,True,True,False,1,1,1,0.0,1.0,0.5,0.8408906474443683,0.05832440000085626,1.0747123999899486,4.385301200003596,0.21153899999626447,0.0773977,0.0803029,
hierarchical_semantic_structured,q17,held_out,abstract_definition,False,1,1.0,0.2,2374,0,False,False,False,1,1,1,0.0,0.0,0.333,0.867277863200324,0.05054679999011569,1.203932899996289,3.9589466999896104,0.13638929999433458,0.0726809,0.1303123,
hierarchical_semantic_structured,q18,calibration,abstract_numeric,False,0,0,0,2193,0.5,False,False,False,5,1,0,0.8,0.6,0.7333333333333333,0.6690296014536653,0.06286479999835137,2.777259700000286,5.113323099998524,0.7883787000027951,0.0801451,0.1530085,
hierarchical_semantic_structured,q19,held_out,full_pdf_noise,False,1,0.25,0.16666666666666666,2304,1,True,True,False,5,1,1,0.8,0.4,1.0,0.673234752664144,0.057175800000550225,2.3877499000082025,4.960147500009043,0.3766195000061998,0.128103,0.180256,
hierarchical_semantic_structured,q20,held_out,cross_paper,False,0,0,0,2209,1,True,False,False,5,1,0,0.8,0.4,0.5,0.5951203524442246,0.06395440000051167,2.5362383000028785,5.273035999998683,0.6881799999973737,0.082449,0.0873924,
hierarchical_semantic_structured,q21,calibration,unanswerable,True,,,,2258,,False,False,False,1,1,,0.0,0.0,0.0,0.7067823391092538,0.05669710000802297,1.047632000001613,2.7195584000000963,0.5457064000074752,0.0854549,0.0879032,
hierarchical_semantic_structured,q22,held_out,unanswerable,True,,,,2399,,False,False,False,1,1,,0.0,0.0,0.0,0.5167811334043374,0.048243099998217076,1.178082699989318,3.045249300004798,0.24614509999810252,0.1841897,0.1128602,
hierarchical_semantic_structured,q23,held_out,unanswerable,True,,,,2378,,False,False,False,1,1,,0.0,0.0,0.0,0.5423270205730709,0.04749640000227373,0.9805902999942191,2.4924714999942807,0.13935250000213273,0.0807127,0.1193236,
hierarchical_semantic_structured,q24,calibration,unanswerable,True,,,,2052,,False,False,False,4,1,,0.0,0.0,0.0,0.5510102835778463,0.052822900004684925,2.067850499995984,4.102803199988557,0.4609617999958573,0.0741874,0.0823956,
research_aware,q01,calibration,definition,False,1,0.3333333333333333,0.2,2349,1,True,True,False,5,1,1,1.0,0.8,1.0,0.584938079515849,0.043385099997976795,2.558981900001527,3.9245073000056436,1.1729020999919157,0.0535675,0.058574,
research_aware,q02,held_out,method,False,1,0.5,0.25,2357,1,True,True,False,1,1,1,1.0,0.0,1.0,0.5502272959960783,0.05280589999165386,1.034164900003816,2.766957200001343,0.2523240000009537,0.0826387,0.2217924,
research_aware,q03,held_out,figure_numeric,False,0,0,0,2167,0,False,False,False,1,1,0,0.0,0.0,0.0,0.6669931715441414,0.05354000000806991,1.1964746000012383,2.9385468999971636,0.558896000002278,0.0939377,0.072957,
research_aware,q04,calibration,table_numeric,False,1,0.5,0.2,2252,0,False,False,False,5,1,1,1.0,0.8,0.25,0.7162591911031366,0.05642880000232253,3.201850599987665,8.262311299986322,0.47992190001241397,0.0813079,0.0983778,
research_aware,q05,held_out,numeric,False,0,0,0,2229,1,True,False,False,1,1,0,1.0,1.0,1.0,0.6243543288485828,0.04948600000352599,0.9290954000025522,2.861536200012779,0.1535089999961201,0.0699376,0.1077103,
research_aware,q06,held_out,figure_conditions,False,1,1.0,0.2,2313,0.5,False,False,False,3,1,1,1.0,1.0,1.0,0.6415963845437653,0.05858569999691099,1.892508299992187,4.001665999996476,0.8367820999992546,0.072853,0.0905697,
research_aware,q07,calibration,definition,False,0,0,0,2400,0,False,False,False,1,1,0,0.0,1.0,0.333,0.8000057180754243,0.04469249999965541,1.2412654999934603,3.860022199995001,0.2837426000041887,0.0835576,0.097948,
research_aware,q08,held_out,method,False,1,0.16666666666666666,0.14285714285714285,2292,1,True,True,False,3,1,1,0.3333333333333333,0.0,0.5,0.48838303226567115,0.04866570000012871,1.8345074000098975,5.607028400001582,0.28237100000842474,0.0909012,0.0778776,
research_aware,q09,held_out,method,False,1,1.0,0.14285714285714285,2369,1,True,True,False,1,1,1,1.0,1.0,1.0,0.8134113557547069,0.05102450000413228,1.229317399993306,2.626955799991265,0.1285072000027867,0.1017131,0.0861956,
research_aware,q10,held_out,numeric,False,1,0.14285714285714285,0.14285714285714285,2304,1,True,True,False,5,1,1,1.0,1.0,1.0,0.6249928541189194,0.05432270000164863,2.7339486999990186,4.1970387999899685,0.6943167999997968,0.1284829,0.1063192,
research_aware,q11,calibration,definition,False,1,1.0,0.2,2325,1,True,True,False,5,1,1,1.0,0.8,1.0,0.6697479853100581,0.052876400004606694,2.4554261000012048,4.835448400001042,0.7408774999930756,0.0748387,0.0976921,
research_aware,q12,held_out,method,False,1,0.5,0.25,2392,1,True,True,False,5,1,1,0.8,0.8,1.0,0.5143095390251664,0.057245300005888566,2.564337699994212,4.238400299989735,0.76085079999757,0.1189542,0.1416706,
research_aware,q13,held_out,method,False,1,1.0,0.2,2126,1,True,True,False,1,1,1,1.0,1.0,1.0,0.7036218536776042,0.05580829999234993,1.1773064000008162,2.627423500001896,0.2481988000072306,0.0874319,0.1842408,
research_aware,q14,calibration,definition,False,1,0.5,0.2,2227,0.3333333333333333,False,False,False,1,1,0,1.0,0.0,1.0,0.930184986979688,0.0656608999997843,1.1077272999973502,2.527667800008203,0.13950290001230314,0.0751669,0.1067598,
research_aware,q15,held_out,method,False,0,0,0,2257,1,True,False,False,1,1,0,1.0,1.0,1.0,0.8284768041643147,0.053351099995779805,1.1699959999968996,2.176955999995698,0.17004320000705775,0.0657219,0.0979267,
research_aware,q16,held_out,method,False,1,1.0,0.25,2335,1,True,True,False,5,1,1,0.8,0.8,0.5,0.7567559754062626,0.05914739999570884,2.7636894000024768,6.461030900012702,1.2869691000087187,0.0729329,0.16498,
research_aware,q17,held_out,abstract_definition,False,1,1.0,0.25,2374,1,True,True,False,1,1,1,1.0,1.0,0.5,0.7707272677021837,0.05171439998957794,1.0054422999965027,3.8589924999978393,0.01379159999487456,0.0829934,0.2075869,
research_aware,q18,calibration,abstract_numeric,False,1,1.0,0.3333333333333333,2101,1,True,False,False,5,1,0,0.8,0.6,0.5,0.6280451070963433,0.06072550000681076,2.382305200007977,4.658775799995055,1.2009868000022834,0.0879206,0.0821704,
research_aware,q19,held_out,full_pdf_noise,False,1,0.2,0.2,2384,1,True,True,False,5,1,1,0.8,0.8,1.0,0.6046950225897468,0.05792059999657795,2.7430460000032326,5.796923300003982,0.5221363000018755,0.0734597,0.1070178,
research_aware,q20,held_out,cross_paper,False,0,0,0,2231,1,True,False,False,5,1,0,1.0,0.4,0.5,0.5779199224052879,0.060159999993629754,2.5035596000088844,6.163489700003993,0.9338371000048937,0.0876186,0.0971623,
research_aware,q21,calibration,unanswerable,True,,,,2236,,False,False,False,1,1,,0.0,0.0,0.0,0.701004933597718,0.053717399991001,0.9178633999981685,2.9914838999975473,0.14095640000596177,0.0862693,0.0937472,
research_aware,q22,held_out,unanswerable,True,,,,2274,,False,False,False,1,1,,1.0,0.0,0.0,0.5776522781558558,0.05459909999626689,0.9926679999916814,2.659878499995102,0.1363615000009304,0.0692661,0.1009219,
research_aware,q23,held_out,unanswerable,True,,,,2347,,False,False,False,1,1,,0.0,0.0,0.0,0.4847670331373359,0.05177289999846835,1.0649116999993566,3.0724177000083728,0.5157164999982342,0.0773529,0.0893795,
research_aware,q24,calibration,unanswerable,True,,,,2389,,False,False,False,4,1,,0.0,0.0,0.0,0.6512784054146619,0.06351170000561979,1.959650500008138,4.338377100008074,0.2899992000020575,0.0726249,0.119718,
